{"cameraMode":{"drawMode":0,"name":"Shaded","section":"Shading Mode"},"sceneLighting":true,"audioPlay":false,"sceneViewState":{"showFog":true,"showMaterialUpdate":false,"showSkybox":true,"showFlares":true,"showImageEffects":true,"showParticleSystems":true},"in2DMode":false,"pivot":{"x":2.257007598876953,"y":-2.4125008583068849,"z":-2.227088451385498},"rotation":{"x":-0.11647848039865494,"y":0.8809962272644043,"z":-0.35783013701438906,"w":-0.2867785394191742},"size":6.907567977905273,"orthographic":false}