{"cameraMode":{"drawMode":0,"name":"Shaded","section":"Shading Mode"},"sceneLighting":false,"audioPlay":false,"sceneViewState":{"showFog":true,"showMaterialUpdate":false,"showSkybox":false,"showFlares":true,"showImageEffects":true,"showParticleSystems":true},"in2DMode":false,"pivot":{"x":-0.24222242832183839,"y":0.9213584661483765,"z":6.404327869415283},"rotation":{"x":-0.3043903410434723,"y":0.5815074443817139,"z":-0.2484758049249649,"w":-0.7123777866363525},"size":2.546290874481201,"orthographic":false}